link_img , title  ,,,
https://dantri.com.vn/the-gioi/nga-dang-video-tap-kich-pha-huy-doan-tau-cho-day-vu-khi-cua-ukraine-20230829180830505.htm, Nga đăng video tập kích phá hủy đoàn tàu chở đầy vũ khí của Ukraine , ,,
https://dantri.com.vn/the-gioi/nga-dang-video-tap-kich-pha-huy-doan-tau-cho-day-vu-khi-cua-ukraine-20230829180830505.htm, Nga đăng video tập kích phá hủy đoàn tàu chở đầy vũ khí của Ukraine , ,,
https://dantri.com.vn/xa-hoi/cong-an-lam-dong-thong-tin-vu-gui-con-di-chua-benh-nhan-ve-hu-tro-cot-20230829163902588.htm, Công an Lâm Đồng thông tin vụ gửi con đi chữa bệnh, nhận về hũ tro cốt , ,
https://dantri.com.vn/xa-hoi/nam-sinh-cap-2-o-ha-noi-bi-danh-hoi-dong-20230829174055098.htm, Nam sinh cấp 2 ở Hà Nội bị đánh hội đồng , ,,
https://dantri.com.vn/the-thao/danh-bai-doi-tre-man-city-dai-dien-viet-nam-gay-bat-ngo-lon-20230829185405869.htm, Đánh bại đội trẻ Man City, đại diện Việt Nam gây bất ngờ lớn , ,
https://dantri.com.vn/the-thao/danh-bai-doi-tre-man-city-dai-dien-viet-nam-gay-bat-ngo-lon-20230829185405869.htm, Đánh bại đội trẻ Man City, đại diện Việt Nam gây bất ngờ lớn , ,
https://dantri.com.vn/xa-hoi/chay-nha-4-tang-ba-cho-chau-vao-xo-roi-thong-day-xuong-dat-de-giai-cuu-20230829175745622.htm, Cháy nhà 4 tầng, bà cho cháu vào xô rồi thòng dây xuống đất để giải cứu , ,
https://dantri.com.vn/xa-hoi/nguoi-dan-ong-nhay-tu-ga-duong-sat-tren-cao-xuong-duong-roi-trung-o-to-20230829191001836.htm, Người đàn ông nhảy từ ga đường sắt trên cao xuống đường, rơi trúng ô tô , ,
https://dantri.com.vn/tam-diem.htm, Khu bảo tồn hay sân golf , ,,
https://dantri.com.vn/xa-hoi/metro-ben-thanh-suoi-tien-chay-thu-qua-14-nha-ga-20230829145606428.htm, Metro Bến Thành - Suối Tiên chạy thử qua 14 nhà ga , ,,
https://dantri.com.vn/xa-hoi/metro-ben-thanh-suoi-tien-chay-thu-qua-14-nha-ga-20230829145606428.htm, Metro Bến Thành - Suối Tiên chạy thử qua 14 nhà ga , ,,
https://dantri.com.vn/xa-hoi/chu-tich-phan-van-mai-nghi-quyet-98-la-dong-luc-de-tphcm-but-pha-20230825103954816.htm, Chủ tịch Phan Văn Mãi: Nghị quyết 98 là động lực để TPHCM bứt phá , ,,
https://dantri.com.vn/xa-hoi/da-xac-dinh-danh-tinh-nan-nhan-roi-tu-tang-37-xuong-dat-20230829180725737.htm, Đã xác định danh tính nạn nhân rơi từ tầng 37 xuống đất , ,,
https://dantri.com.vn/xa-hoi/da-xac-dinh-danh-tinh-nan-nhan-roi-tu-tang-37-xuong-dat-20230829180725737.htm, Đã xác định danh tính nạn nhân rơi từ tầng 37 xuống đất , ,,
https://dantri.com.vn/the-gioi/nga-canh-bao-sau-khi-ukraine-noi-phuong-tay-ung-ho-tan-cong-crimea-20230829205428716.htm, Nga cảnh báo sau khi Ukraine nói phương Tây ủng hộ tấn công Crimea , ,,
https://dantri.com.vn/the-thao/vi-pham-quy-tac-lionel-messi-doi-dien-voi-an-phat-o-giai-my-20230829201614852.htm, Vi phạm quy tắc, Lionel Messi đối diện với án phạt ở giải Mỹ , ,
https://dantri.com.vn/kinh-doanh/su-troi-day-cua-de-che-nguyen-ba-duong-dai-gia-khong-no-ngan-hang-20230829100118457.htm," Sự trỗi dậy của ""đế chế"" Nguyễn Bá Dương - đại gia không nợ ngân hàng ", ,,
https://dantri.com.vn/the-gioi/chien-su-ukraine-ngay-298-hang-loat-tau-bi-danh-chim-canh-cau-crimea-20230829054501334.htm, Chiến sự Ukraine ngày 29/8: Hàng loạt tàu bị đánh chìm cạnh cầu Crimea , ,,
https://dantri.com.vn/xa-hoi/theo-kich-ban-kha-quan-nhat-tphcm-van-kho-dat-muc-tieu-tang-truong-nam-nay-20230829181620267.htm, Theo kịch bản khả quan nhất, TPHCM vẫn khó đạt mục tiêu tăng trưởng năm nay , ,
https://dantri.com.vn/xa-hoi/theo-kich-ban-kha-quan-nhat-tphcm-van-kho-dat-muc-tieu-tang-truong-nam-nay-20230829181620267.htm, Theo kịch bản khả quan nhất, TPHCM vẫn khó đạt mục tiêu tăng trưởng năm nay , ,
https://dantri.com.vn/the-gioi/nga-canh-bao-sau-khi-ukraine-noi-phuong-tay-ung-ho-tan-cong-crimea-20230829205428716.htm, Nga cảnh báo sau khi Ukraine nói phương Tây ủng hộ tấn công Crimea , ,,
https://dantri.com.vn/kinh-doanh/doanh-nghiep-dai-gia-dang-thanh-tam-bi-phat-vi-giau-thong-tin-20230829180628108.htm," Doanh nghiệp đại gia Đặng Thành Tâm bị phạt vì ""giấu"" thông tin ", ,,
https://dantri.com.vn/bat-dong-san/mot-cong-ty-dia-oc-cat-thu-nhap-chu-tich-tu-hon-6-ty-ve-con-gan-1-ty-dong-20230829183817491.htm, Một công ty địa ốc cắt thu nhập chủ tịch từ hơn 6 tỷ về còn gần 1 tỷ đồng , ,,
https://dantri.com.vn/the-thao/vi-pham-quy-tac-lionel-messi-doi-dien-voi-an-phat-o-giai-my-20230829201614852.htm, Vi phạm quy tắc, Lionel Messi đối diện với án phạt ở giải Mỹ , ,
https://dantri.com.vn/lao-dong-viec-lam/don-hang-giam-manh-doanh-nghiep-van-chi-chuc-ty-thuong-le-29-20230829120452476.htm, Đơn hàng giảm mạnh, doanh nghiệp vẫn chi chục tỷ thưởng lễ 2/9 , ,
https://dantri.com.vn/tam-long-nhan-ai/nguoi-me-mac-ung-thu-mong-keo-dai-su-song-de-lo-cho-3-con-nho-20230821164822600.htm, Người mẹ mắc ung thư mong kéo dài sự sống để lo cho 3 con nhỏ , ,,
https://dantri.com.vn/suc-khoe/co-the-phat-hien-dau-hieu-phinh-dong-mach-nao-20230829103436326.htm, Có thể phát hiện dấu hiệu phình động mạch não? , ,,
https://dantri.com.vn/van-hoa/nghe-si-quang-teo-noi-gi-ve-tin-don-chay-nhieu-show-nen-phai-nhap-vien-20230829135147848.htm, Nghệ sĩ Quang Tèo nói gì về tin đồn chạy nhiều show nên phải nhập viện? , ,,
https://dantri.com.vn/giai-tri/son-tung-m-tp-lai-gay-tranh-cai-voi-mot-quan-tut-20230829160355006.htm," Sơn Tùng M-TP lại gây tranh cãi với mốt ""quần tụt"" ", ,,
https://dantri.com.vn/o-to-xe-may/ga-nha-da-nhau-toyota-c-hr-thua-corolla-cross-20230829124159167.htm," ""Gà nhà đá nhau""", Toyota C-HR thua Corolla Cross , ,
https://dantri.com.vn/giao-duc/vu-thu-khoa-truot-nguyen-vong-1-do-loi-lat-leo-tuyen-sinh-20230829042123682.htm, Vụ thủ khoa trượt nguyện vọng 1: Do lỗi... lắt léo tuyển sinh? , ,,
https://dantri.com.vn/suc-manh-so/10-smartphone-ban-chay-nhat-trong-nua-dau-2023-vi-tri-so-1-gay-bat-ngo-20230829102509605.htm, 10 smartphone bán chạy nhất trong nửa đầu 2023 - Vị trí số 1 gây bất ngờ , ,,
https://dantri.com.vn/an-sinh/vo-buc-xuc-vi-luong-25-trieu-dong-nuoi-2-con-van-phai-bieu-nha-noi-5-trieu-20230828151740211.htm, Vợ bức xúc vì lương 25 triệu đồng, nuôi 2 con vẫn phải biếu nhà nội 5 triệu , ,
https://dantri.com.vn/phap-luat/cuu-truong-cong-an-chung-chi-de-tha-nguoi-vi-pham-linh-7-nam-tu-20230829163819549.htm," Cựu trưởng công an ""chung chi"" để thả người vi phạm lĩnh 7 năm tù ", ,,
https://dantri.com.vn/du-lich/khach-an-het-bat-bun-nang-22kg-chu-quan-o-tphcm-thuong-luon-30-trieu-dong-20230829140255409.htm, Khách ăn hết bát bún nặng 2,2kg, chủ quán ở TPHCM thưởng luôn 30 triệu đồng , 
https://dantri.com.vn/doi-song/con-trai-xay-tang-bo-me-can-nha-tren-doi-dep-nhu-homestay-o-quang-nam-20230828101228393.htm, Con trai xây tặng bố mẹ căn nhà trên đồi đẹp như homestay ở Quảng Nam , ,,
https://dantri.com.vn/tinh-yeu-gioi-tinh/voi-va-ra-ngoai-trong-dem-chong-toi-thu-nhan-dieu-giau-kin-khi-tro-ve-20230828215218122.htm, Vội vã ra ngoài trong đêm, chồng tôi thú nhận điều giấu kín khi trở về , ,
https://dantri.com.vn/nhip-song-tre/cau-thu-quan-van-chuan-va-moi-tinh-ngot-ngao-voi-ban-gai-hon-3-tuoi-20230829153110374.htm, Cầu thủ Quan Văn Chuẩn và mối tình ngọt ngào với bạn gái hơn 3 tuổi , ,,
https://dantri.com.vn/khoa-hoc-cong-nghe/cuoc-san-lung-quai-vat-ho-loch-ness-lon-chua-tung-thay-20230829124604547.htm, Cuộc săn lùng quái vật hồ Loch Ness lớn chưa từng thấy , ,,
https://dantri.com.vn/tam-diem/khu-bao-ton-hay-san-golf-20230828192340070.htm, Khu bảo tồn hay sân golf , ,,
https://dantri.com.vn/ban-doc/tinh-tiet-moi-vu-ubnd-huyen-o-bac-lieu-thua-kien-nguoi-dan-20230828205517673.htm, Tình tiết mới vụ UBND huyện ở Bạc Liêu thua kiện người dân , ,,
https://dantri.com.vn/xa-hoi/chu-tich-phan-van-mai-nghi-quyet-98-la-dong-luc-de-tphcm-but-pha-20230825103954816.htm, Chủ tịch Phan Văn Mãi: Nghị quyết 98 là động lực để TPHCM bứt phá , ,,
https://dantri.com.vn/tam-long-nhan-ai/niem-vui-lon-den-voi-hoc-sinh-vung-cao-thanh-lop-truoc-them-nam-hoc-moi-20230829123748184.htm, Niềm vui lớn đến với học sinh vùng cao Thành Lợp trước thềm năm học mới , ,,
https://dantri.com.vn/xa-hoi/chay-nha-4-tang-ba-cho-chau-vao-xo-roi-thong-day-xuong-dat-de-giai-cuu-20230829175745622.htm, Cháy nhà 4 tầng, bà cho cháu vào xô rồi thòng dây xuống đất để giải cứu , ,
https://dantri.com.vn/xa-hoi/nam-sinh-cap-2-o-ha-noi-bi-danh-hoi-dong-20230829174055098.htm, Nam sinh cấp 2 ở Hà Nội bị đánh hội đồng , ,,
https://dantri.com.vn/xa-hoi/canh-sat-cat-cabin-xe-tai-de-cuu-tai-xe-20230829195053328.htm, Cảnh sát cắt cabin xe tải để cứu tài xế , ,,
https://dantri.com.vn/xa-hoi/nguoi-dan-ong-nhay-tu-ga-duong-sat-tren-cao-xuong-duong-roi-trung-o-to-20230829191001836.htm, Người đàn ông nhảy từ ga đường sắt trên cao xuống đường, rơi trúng ô tô , ,
https://dantri.com.vn/xa-hoi/kiem-tra-cong-tac-bao-ve-chinh-tri-noi-bo-tai-thanh-tra-chinh-phu-20230829175456275.htm, Kiểm tra công tác bảo vệ chính trị nội bộ tại Thanh tra Chính phủ , ,,
https://dantri.com.vn/the-gioi/trung-quoc-canh-bao-my-ve-cac-han-che-thuong-mai-20230829195738758.htm, Trung Quốc cảnh báo Mỹ về các hạn chế thương mại , ,,
https://dantri.com.vn/the-gioi/nghi-van-si-quan-nga-chet-vi-bom-uav-trong-luc-cat-co-o-belgorod-20230829183725858.htm, Nghi vấn sĩ quan Nga chết vì bom UAV trong lúc cắt cỏ ở Belgorod , ,,
https://dantri.com.vn/the-gioi/nga-dang-video-tap-kich-pha-huy-doan-tau-cho-day-vu-khi-cua-ukraine-20230829180830505.htm, Nga đăng video tập kích phá hủy đoàn tàu chở đầy vũ khí của Ukraine , ,,
https://dantri.com.vn/the-gioi/australia-theo-doi-chat-che-nen-kinh-te-trung-quoc-20230827173359416.htm, Australia theo dõi chặt chẽ nền kinh tế Trung Quốc , ,,
https://dantri.com.vn/the-gioi/luc-luong-nao-se-thay-the-tap-doan-wagner-20230829165405460.htm, Lực lượng nào sẽ thay thế tập đoàn Wagner? , ,,
https://dantri.com.vn/kinh-doanh/buon-hang-thung-lai-cao-su-that-dang-sau-20230828155650821.htm, Buôn hàng thùng lãi cao: Sự thật đằng sau , ,,
https://dantri.com.vn/kinh-doanh/vingroup-fpt-momo-he-lo-co-hoi-kiem-tien-cho-start-up-tu-cac-bai-toan-kho-20230829141519935.htm, Vingroup, FPT, MoMo hé lộ cơ hội kiếm tiền cho start up từ các bài toán khó , 
https://dantri.com.vn/kinh-doanh/gia-xang-tang-gan-10-anh-huong-lam-phat-20230829184626730.htm, Giá xăng tăng gần 10% ảnh hưởng lạm phát , ,,
https://dantri.com.vn/kinh-doanh/mot-dai-gia-mua-7-trieu-co-phieu-vfs-20230829095448335.htm, Một đại gia mua 7 triệu cổ phiếu VFS , ,,
https://dantri.com.vn/kinh-doanh/su-troi-day-cua-de-che-nguyen-ba-duong-dai-gia-khong-no-ngan-hang-20230829100118457.htm," Sự trỗi dậy của ""đế chế"" Nguyễn Bá Dương - đại gia không nợ ngân hàng ", ,,
https://dantri.com.vn/bat-dong-san/chua-the-yen-tam-khi-kinh-doanh-bds-da-tro-thanh-mot-nghe-de-lam-de-phat-20230829111844775.htm, Chưa thể yên tâm khi kinh doanh BĐS đã trở thành một nghề dễ làm, dễ phất , ,
https://dantri.com.vn/bat-dong-san/mat-huong-chinh-sach-nha-o-xa-hoi-do-nop-8000-dong-thue-thu-nhap-ca-nhan-20230828170418983.htm, Mất hưởng chính sách nhà ở xã hội do nộp 8.000 đồng thuế thu nhập cá nhân? , ,,
https://dantri.com.vn/bat-dong-san/bat-buoc-giao-dich-bat-dong-san-qua-san-tiem-an-nguy-co-doc-quyen-20230829090947673.htm, Bắt buộc giao dịch bất động sản qua sàn tiềm ẩn nguy cơ độc quyền , ,,
https://dantri.com.vn/bat-dong-san/ham-mua-nha-giam-gia-thang-ngau-mat-tien-oan-vi-nhung-chieu-tro-20230828125709518.htm, Ham mua nhà giảm giá tháng Ngâu, mất tiền oan vì những chiêu trò , ,
https://dantri.com.vn/bat-dong-san/doc-dao-voi-du-an-bien-gam-cau-thanh-cong-vien-xanh-tai-an-do-20230828150256423.htm, Độc đáo với dự án biến gầm cầu thành công viên xanh tại Ấn Độ , ,,
https://dantri.com.vn/the-thao/danh-bai-doi-tre-man-city-dai-dien-viet-nam-gay-bat-ngo-lon-20230829185405869.htm, Đánh bại đội trẻ Man City, đại diện Việt Nam gây bất ngờ lớn , ,
https://dantri.com.vn/the-thao/va-cham-kinh-hoang-hai-tay-dua-tu-nan-tren-duong-dua-moto-20230829172706004.htm, Va chạm kinh hoàng, hai tay đua tử nạn trên đường đua Moto , ,
https://dantri.com.vn/the-thao/lukaku-bat-ngo-dau-quan-duoi-truong-hlv-mourinho-20230829170227199.htm, Lukaku bất ngờ đầu quân dưới trướng HLV Mourinho , ,,
https://dantri.com.vn/the-thao/tuyen-viet-nam-tap-trung-thang-9-voi-nhieu-guong-mat-moi-20230829123117632.htm, Tuyển Việt Nam tập trung tháng 9 với nhiều gương mặt mới , ,,
https://dantri.com.vn/the-thao/hlv-shin-tae-yong-tiep-tuc-phan-nan-ve-trong-tai-ra-yeu-sach-voi-aff-20230829122322881.htm, HLV Shin Tae Yong tiếp tục phàn nàn về trọng tài, ra yêu sách với AFF , ,
https://dantri.com.vn/lao-dong-viec-lam/chong-tau-la-uy-hiep-tren-bien-ngu-dan-luu-giu-du-lieu-de-dau-tranh-20230829125346329.htm, Chống tàu lạ uy hiếp trên biển, ngư dân lưu giữ dữ liệu để đấu tranh , ,
https://dantri.com.vn/lao-dong-viec-lam/1200-lao-dong-mat-viec-duoc-ho-tro-cao-nhat-370-trieu-dongnguoi-20230829153717651.htm, 1.200 lao động mất việc được hỗ trợ cao nhất 370 triệu đồng/người , ,,
https://dantri.com.vn/lao-dong-viec-lam/so-lao-dong-that-nghiep-giam-nhe-nhung-dien-bien-cuoi-nam-van-phuc-tap-20230829135249941.htm, Số lao động thất nghiệp giảm nhẹ nhưng diễn biến cuối năm vẫn phức tạp , ,,
https://dantri.com.vn/lao-dong-viec-lam/ly-do-xu-phat-thu-hoi-giay-phep-nhieu-cong-ty-dua-lao-dong-ra-nuoc-ngoai-20230829121439001.htm, Lý do xử phạt, thu hồi giấy phép nhiều công ty đưa lao động ra nước ngoài? , ,
https://dantri.com.vn/lao-dong-viec-lam/nuoi-con-ngoi-chom-hom-nam-lam-6-thang-thu-lai-200-trieu-dong-20230824170313407.htm," Nuôi con ""ngồi chồm hổm""", năm làm 6 tháng thu lãi 200 triệu đồng , ,
https://dantri.com.vn/tam-long-nhan-ai/niem-vui-lon-den-voi-hoc-sinh-vung-cao-thanh-lop-truoc-them-nam-hoc-moi-20230829123748184.htm, Niềm vui lớn đến với học sinh vùng cao Thành Lợp trước thềm năm học mới , ,,
https://dantri.com.vn/tam-long-nhan-ai/chang-trai-bong-71-co-the-da-dau-hang-so-phan-20230828222916463.htm, Chàng trai bỏng 71% cơ thể đã đầu hàng số phận , ,,
https://dantri.com.vn/tam-long-nhan-ai/nguoi-me-don-than-cau-xin-moi-nguoi-cuu-con-gai-nho-bi-ung-thu-20230818132427513.htm, Người mẹ đơn thân cầu xin mọi người cứu con gái nhỏ bị ung thư , ,,
https://dantri.com.vn/tam-long-nhan-ai/me-oi-me-co-tien-chua-benh-roi-20230825000132114.htm," ""Mẹ ơi"," mẹ có tiền chữa bệnh rồi"" ", ,
https://dantri.com.vn/tam-long-nhan-ai/thong-bao-ket-chuyen-nhan-ai-tuan-3-thang-82023-20230826103337763.htm, Thông báo kết chuyển Nhân ái tuần 3 tháng 8/2023 , ,,
https://dantri.com.vn/suc-khoe/liet-nua-nguoi-vi-thich-an-tiet-canh-rau-song-20230829171314379.htm, Liệt nửa người vì thích ăn tiết canh, rau sống , ,
https://dantri.com.vn/suc-khoe/bo-y-te-chan-chinh-thai-do-y-duc-sau-lum-xum-tai-mot-so-benh-vien-20230829164545745.htm, Bộ Y tế chấn chỉnh thái độ, y đức sau lùm xùm tại một số bệnh viện , ,
https://dantri.com.vn/suc-khoe/nhieu-be-ho-ti-la-om-phat-hien-benh-nguy-hiem-suy-giam-mien-dich-20230829111242372.htm," Nhiều bé ""hở tí là ốm"": Phát hiện bệnh nguy hiểm suy giảm miễn dịch ", ,,
https://dantri.com.vn/suc-khoe/ban-nen-the-duc-bao-lau-moi-ngay-con-so-thuc-te-it-hon-ban-nghi-20230828201706171.htm, Bạn nên thể dục bao lâu mỗi ngày: Con số thực tế ít hơn bạn nghĩ , ,,
https://dantri.com.vn/suc-khoe/viet-nam-chuan-bi-buoc-vao-thoi-ky-dan-so-gia-20230829171637591.htm, Việt Nam chuẩn bị bước vào thời kỳ dân số già , ,,
https://dantri.com.vn/van-hoa/vo-tre-kem-60-tuoi-boc-me-cuoc-hon-nhan-ben-ong-trum-playboy-20230828002753498.htm," Vợ trẻ kém 60 tuổi bóc mẽ cuộc hôn nhân bên ""ông trùm Playboy"" ", ,,
https://dantri.com.vn/van-hoa/minh-hoa-nu-hoang-anh-lich-thap-nien-90-tiet-lo-bat-ngo-ve-le-tuan-anh-20230828231644666.htm," Minh Hòa: ""Nữ hoàng ảnh lịch"" thập niên 90", tiết lộ bất ngờ về Lê Tuấn Anh , ,
https://dantri.com.vn/van-hoa/nguoi-dan-bat-khoc-tai-le-vu-lan-bao-hieu-o-tphcm-20230829063205699.htm, Người dân bật khóc tại lễ Vu Lan báo hiếu ở TPHCM , ,,
https://dantri.com.vn/van-hoa/bo-truong-bo-van-hoa-noi-ve-nghich-ly-thi-hoa-hau-so-lam-bo-chiu-20230829030119383.htm," Bộ trưởng Bộ Văn Hóa nói về nghịch lý thi hoa hậu ""Sở làm"," Bộ chịu"" ", ,
https://dantri.com.vn/dnews/nghe-si-bach-long-toi-mong-duoc-chet-nhe-nhang-bang-mot-giac-ngu-20230817140657510.htm," Nghệ sĩ Bạch Long: ""Tôi mong được chết nhẹ nhàng bằng một giấc ngủ"" ", ,,
https://dantri.com.vn/giai-tri/8-mau-tui-xa-xi-tren-phim-anh-tu-phu-kien-tro-thanh-bieu-tuong-van-hoa-20230827150432116.htm, 8 mẫu túi xa xỉ trên phim ảnh: Từ phụ kiện trở thành biểu tượng văn hóa , ,,
https://dantri.com.vn/giai-tri/my-nhan-tra-vinh-len-tieng-ve-cu-nga-tai-chung-ket-miss-grand-vietnam-2023-20230829113815457.htm, Mỹ nhân Trà Vinh lên tiếng về cú ngã tại chung kết Miss Grand Vietnam 2023 , ,,
https://dantri.com.vn/giai-tri/nhan-sac-tuoi-35-nhu-bua-me-cua-chau-tan-gay-sot-20230828103110665.htm," Nhan sắc tuổi 35 như ""bùa mê"" của Châu Tấn gây sốt ", ,,
https://dantri.com.vn/giai-tri/trang-nhung-tuoi-38-chong-dao-dien-yeu-chieu-cham-dat-do-hieu-xuong-pho-20230828211005119.htm, Trang Nhung tuổi 38: Chồng đạo diễn yêu chiều," chăm ""dát"" đồ hiệu xuống phố ", ,
https://dantri.com.vn/giai-tri/hoa-hau-do-my-linh-lan-dau-cong-khai-anh-mang-bau-sau-sinh-20230829030736789.htm, Hoa hậu Đỗ Mỹ Linh lần đầu công khai ảnh mang bầu sau sinh , ,,
https://dantri.com.vn/o-to-xe-may/to-nhu-xe-khach-nho-nhu-xe-may-ru-nhau-di-nguoc-chieu-20230829102447102.htm, To như xe khách," nhỏ như xe máy ""rủ nhau"" đi ngược chiều ", ,
https://dantri.com.vn/o-to-xe-may/porsche-macan-ev-lo-dien-tren-duong-thu-gia-co-the-re-hon-taycan-20230829001044400.htm, Porsche Macan EV lộ diện trên đường thử, giá có thể rẻ hơn Taycan , ,
https://dantri.com.vn/o-to-xe-may/hang-xe-chau-au-chot-ngay-ra-mat-tai-viet-nam-he-lo-thong-so-cac-phien-ban-20230828234027417.htm, Hãng xe châu Âu chốt ngày ra mắt tại Việt Nam, hé lộ thông số các phiên bản , ,
https://dantri.com.vn/o-to-xe-may/nhung-cai-ten-nen-tranh-xa-neu-mua-o-to-cu-20230828144942626.htm, Những cái tên nên tránh xa nếu mua ô tô cũ , ,,
https://dantri.com.vn/o-to-xe-may/muon-cam-vo-lang-sieu-xe-tai-xe-o-khu-vuc-nay-phai-co-bang-lai-rieng-20230828081512229.htm, Muốn cầm vô-lăng siêu xe, tài xế ở khu vực này phải có bằng lái riêng , ,
https://dantri.com.vn/giao-duc/khien-trach-hieu-truong-bi-con-gai-to-danh-vo-20230829191000366.htm, Khiển trách hiệu trưởng bị con gái tố đánh vợ , ,,
https://dantri.com.vn/giao-duc/nu-sinh-o-da-lat-bi-nhom-nguoi-cho-vay-tien-danh-hoi-dong-dap-dien-thoai-20230829171524266.htm, Nữ sinh ở Đà Lạt bị nhóm người cho vay tiền đánh hội đồng, đập điện thoại , ,
https://dantri.com.vn/giao-duc/thu-tuong-pham-minh-chinh-cung-thu-tuong-ly-hien-long-tham-dhqg-ha-noi-20230829150011643.htm, Thủ tướng Phạm Minh Chính cùng Thủ tướng Lý Hiển Long thăm ĐHQG Hà Nội , ,,
https://dantri.com.vn/giao-duc/thu-tuong-viet-nam-va-singapore-dung-mon-gi-trong-bua-trua-voi-sinh-vien-20230828213832501.htm, Thủ tướng Việt Nam và Singapore dùng món gì trong bữa trưa với sinh viên? , ,,
https://dantri.com.vn/giao-duc/lay-y-kien-2-phuong-an-thi-tot-nghiep-2025-mon-lich-su-lai-gap-nguy-co-20230829140459086.htm, Lấy ý kiến 2 phương án thi tốt nghiệp 2025, môn lịch sử lại gặp nguy cơ? , ,
https://dantri.com.vn/suc-manh-so/manh-giay-co-chu-viet-tay-cua-steve-jobs-duoc-dau-gia-hon-175000-usd-20230829153937581.htm, Mảnh giấy có chữ viết tay của Steve Jobs được đấu giá hơn 175.000 USD , ,,
https://dantri.com.vn/suc-manh-so/manh-giay-co-chu-viet-tay-cua-steve-jobs-duoc-dau-gia-hon-175000-usd-20230829153937581.htm, Mảnh giấy có chữ viết tay của Steve Jobs được đấu giá hơn 175.000 USD , ,,
https://dantri.com.vn/suc-manh-so/iphone-15-pro-max-se-duoc-xuat-xuong-trong-tuan-nay-20230829111709367.htm, iPhone 15 Pro Max sẽ được xuất xưởng trong tuần này , ,,
https://dantri.com.vn/suc-manh-so/clip-em-be-suyt-chet-trong-vu-chay-cho-thay-su-nguy-hiem-cua-chuong-cop-20230828214732657.htm," Clip ""em bé suýt chết trong vụ cháy"" cho thấy sự nguy hiểm của chuồng cọp ", ,,
https://dantri.com.vn/suc-manh-so/tro-lua-thue-dang-bai-de-hack-tai-khoan-facebook-20230828232551937.htm, Trò lừa thuê đăng bài để hack tài khoản Facebook , ,,
https://dantri.com.vn/suc-manh-so/tro-lua-thue-dang-bai-de-hack-tai-khoan-facebook-20230828232551937.htm, Trò lừa thuê đăng bài để hack tài khoản Facebook , ,,
https://dantri.com.vn/suc-manh-so/ipad-pro-sap-co-thay-doi-lon-20230828112423534.htm, iPad Pro sắp có thay đổi lớn , ,,
https://dantri.com.vn/suc-manh-so/tranh-cai-quanh-viec-apple-co-the-ban-rieng-cap-sac-nhanh-cho-iphone-15-pro-20230828152643345.htm, Tranh cãi quanh việc Apple có thể bán riêng cáp sạc nhanh cho iPhone 15 Pro , ,,
https://dantri.com.vn/suc-manh-so/cach-am-tham-roi-nhom-chat-zalo-khong-de-ai-biet-va-2-meo-huu-ich-khac-20230828105054464.htm, Cách âm thầm rời nhóm chat Zalo không để ai biết và 2 mẹo hữu ích khác , ,,
https://dantri.com.vn/suc-manh-so/gia-galaxy-s23-ultra-giam-hon-chuc-trieu-dong-tai-viet-nam-20230828010544098.htm, Giá Galaxy S23 Ultra giảm hơn chục triệu đồng tại Việt Nam , ,,
https://dantri.com.vn/giao-duc/khien-trach-hieu-truong-bi-con-gai-to-danh-vo-20230829191000366.htm, Khiển trách hiệu trưởng bị con gái tố đánh vợ , ,,
https://dantri.com.vn/giao-duc/khien-trach-hieu-truong-bi-con-gai-to-danh-vo-20230829191000366.htm, Khiển trách hiệu trưởng bị con gái tố đánh vợ , ,,
https://dantri.com.vn/an-sinh/khai-mac-hoi-nghi-cong-dong-van-hoa-xa-hoi-asean-lan-thu-30-20230829154344977.htm, Khai mạc hội nghị Cộng đồng Văn hóa - Xã hội ASEAN lần thứ 30 , ,,
https://dantri.com.vn/an-sinh/vuong-canh-lam-it-chi-nhieu-gia-dinh-6-mieng-an-chat-vat-thoi-bao-gia-20230818122510192.htm," Vướng cảnh ""làm ít"," chi nhiều""", gia đình 6 miệng ăn chật vật thời bão giá , 
https://dantri.com.vn/an-sinh/me-80-tuoi-van-muu-sinh-16-tieng-moi-ngay-de-do-nho-con-20230825132450537.htm, Mẹ 80 tuổi vẫn mưu sinh 16 tiếng mỗi ngày để... đỡ nhớ con , ,,
https://dantri.com.vn/an-sinh/me-80-tuoi-van-muu-sinh-16-tieng-moi-ngay-de-do-nho-con-20230825132450537.htm, Mẹ 80 tuổi vẫn mưu sinh 16 tiếng mỗi ngày để... đỡ nhớ con , ,,
https://dantri.com.vn/an-sinh/nguoi-dan-xa-dao-duoc-ho-tro-tau-dua-don-ra-vao-dat-lien-20230828064049332.htm, Người dân xã đảo được hỗ trợ tàu đưa đón ra, vào đất liền , ,
https://dantri.com.vn/an-sinh/nghe-khen-ngot-nuoc-co-gai-thang-tay-chan-pho-giam-doc-doi-tac-20230828132336062.htm," Nghe khen ""ngọt nước""", cô gái thẳng tay chặn Phó giám đốc đối tác , ,
https://dantri.com.vn/an-sinh/nhung-ai-duoc-tang-luong-huu-tro-cap-tu-thang-9-20230828103119727.htm, Những ai được tăng lương hưu, trợ cấp từ tháng 9? , ,
https://dantri.com.vn/an-sinh/di-de-ke-mat-to-son-nhu-minh-hang-phu-nu-quen-gi-cung-duoc-tru-son-20230827171626192.htm, Đi đẻ kẻ mắt tô son như Minh Hằng: Phụ nữ quên gì cũng được trừ... son! , ,,
https://dantri.com.vn/xa-hoi/thu-tuong-viet-nam-va-singapore-gap-go-doi-thoai-cung-thanh-nien-2-nuoc-20230829122142315.htm, Thủ tướng Việt Nam và Singapore gặp gỡ, đối thoại cùng thanh niên 2 nước , ,
https://dantri.com.vn/xa-hoi/ngay-dau-chay-thu-tau-metro-so-1-tren-toan-tuyen-o-tphcm-20230829085137612.htm, Ngày đầu chạy thử tàu metro số 1 trên toàn tuyến ở TPHCM , ,,
https://dantri.com.vn/xa-hoi/toan-canh-tuyen-metro-so-1-tphcm-co-gi-20230828185133358.htm, Toàn cảnh tuyến metro số 1 TPHCM có gì? , ,,
https://dantri.com.vn/tam-diem/phong-sinh-va-phong-tu-20230828134021380.htm, Phóng sinh và phóng tử , ,,
https://dantri.com.vn/xa-hoi/nha-ga-phuc-vu-20-trieu-hanh-khach-o-tan-son-nhat-quy-mo-ra-sao-20230825105225784.htm, Nhà ga phục vụ 20 triệu hành khách ở Tân Sơn Nhất quy mô ra sao? , ,,
https://dantri.com.vn/tam-diem/nghi-ve-dao-hieu-trong-mua-vu-lan-20230827163745887.htm, Nghĩ về đạo hiếu trong mùa Vu lan , ,,
https://dantri.com.vn/xa-hoi/cong-an-lam-dong-thong-tin-vu-gui-con-di-chua-benh-nhan-ve-hu-tro-cot-20230829163902588.htm, Công an Lâm Đồng thông tin vụ gửi con đi chữa bệnh, nhận về hũ tro cốt , ,
https://dantri.com.vn/xa-hoi/cong-an-lam-dong-thong-tin-vu-gui-con-di-chua-benh-nhan-ve-hu-tro-cot-20230829163902588.htm, Công an Lâm Đồng thông tin vụ gửi con đi chữa bệnh, nhận về hũ tro cốt , ,
https://dantri.com.vn/phap-luat/khoi-to-doi-tuong-chem-vo-va-em-gai-vo-tu-vong-20230829155748554.htm, Khởi tố đối tượng chém vợ và em gái vợ tử vong , ,,
https://dantri.com.vn/phap-luat/van-chuyen-go-trai-phep-con-lao-xe-may-vao-canh-sat-20230829154119167.htm, Vận chuyển gỗ trái phép còn lao xe máy vào cảnh sát , ,,
https://dantri.com.vn/phap-luat/giam-doc-cong-ty-bat-dong-san-chiem-doat-hon-14-ty-dong-cua-khach-hang-20230829114933135.htm, Giám đốc công ty bất động sản chiếm đoạt hơn 14 tỷ đồng của khách hàng , ,,
https://dantri.com.vn/du-lich/chu-cho-5-tuoi-di-phuot-khap-viet-nam-xuat-ngoai-5-nuoc-chau-au-20230829091751580.htm, Chú chó 5 tuổi đi phượt khắp Việt Nam, xuất ngoại 5 nước châu Âu , ,
https://dantri.com.vn/du-lich/chu-cho-5-tuoi-di-phuot-khap-viet-nam-xuat-ngoai-5-nuoc-chau-au-20230829091751580.htm, Chú chó 5 tuổi đi phượt khắp Việt Nam, xuất ngoại 5 nước châu Âu , ,
https://dantri.com.vn/du-lich/nu-du-khach-viet-danh-3-trieu-usd-di-104-quoc-gia-6-luc-dia-20230822231046682.htm, Nữ du khách Việt dành 3 triệu USD đi 104 quốc gia, 6 lục địa , ,
https://dantri.com.vn/du-lich/hang-tram-nguoi-tham-gia-cuoc-san-quai-vat-loch-ness-lon-nhat-trong-50-nam-20230828154434680.htm, Hàng trăm người tham gia cuộc săn quái vật Loch Ness lớn nhất trong 50 năm , ,,
https://dantri.com.vn/du-lich/chang-trai-nhat-muon-nghi-huu-song-toi-gia-o-viet-nam-vi-ly-do-nay-20230826230518679.htm," Chàng trai Nhật ""muốn nghỉ hưu"," sống tới già"" ở Việt Nam vì lý do này ", ,
https://dantri.com.vn/doi-song/dam-cuoi-dac-biet-va-chuyen-tinh-gay-sot-cua-co-dau-viet-chu-re-nhat-ban-20230825172258375.htm, Đám cưới đặc biệt và chuyện tình gây sốt của cô dâu Việt, chú rể Nhật Bản , ,
https://dantri.com.vn/doi-song/dam-cuoi-dac-biet-va-chuyen-tinh-gay-sot-cua-co-dau-viet-chu-re-nhat-ban-20230825172258375.htm, Đám cưới đặc biệt và chuyện tình gây sốt của cô dâu Việt, chú rể Nhật Bản , ,
https://dantri.com.vn/doi-song/nha-lau-xe-hoi-o-thu-phu-vang-ma-e-chong-cho-dip-ram-thang-7-20230828164002141.htm," ""Nhà lầu"," xe hơi"" ở thủ phủ vàng mã ế chỏng chơ dịp rằm tháng 7 ", ,
https://dantri.com.vn/doi-song/sau-khi-tu-hi-thai-hau-bang-ha-lo-dien-can-phong-bi-mat-chua-vo-so-vat-bau-20230826111701096.htm, Sau khi Từ Hi thái hậu băng hà, lộ diện căn phòng bí mật chứa vô số vật báu , ,
https://dantri.com.vn/doi-song/cap-doi-9x-so-huu-40000m2-dat-da-lat-nhung-chi-deo-nhan-cuoi-150000-dong-20230822141012641.htm, Cặp đôi 9x sở hữu 40.000m2 đất Đà Lạt nhưng chỉ đeo nhẫn cưới 150.000 đồng , ,,
https://dantri.com.vn/tinh-yeu-gioi-tinh/phan-doi-me-u60-tai-hon-loi-ban-gai-noi-khien-toi-bung-tinh-20230828100124293.htm, Phản đối mẹ U60 tái hôn, lời bạn gái nói khiến tôi bừng tỉnh , ,
https://dantri.com.vn/tinh-yeu-gioi-tinh/phan-doi-me-u60-tai-hon-loi-ban-gai-noi-khien-toi-bung-tinh-20230828100124293.htm, Phản đối mẹ U60 tái hôn, lời bạn gái nói khiến tôi bừng tỉnh , ,
https://dantri.com.vn/tinh-yeu-gioi-tinh/ban-gai-doi-chia-tay-ngay-lap-tuc-chi-vi-toi-quen-mua-chao-20230818003917443.htm, Bạn gái đòi chia tay ngay lập tức chỉ vì tôi quên mua cháo , ,,
https://dantri.com.vn/tinh-yeu-gioi-tinh/sai-lam-noi-3-chu-nay-suot-5-nam-toi-ngay-cang-bi-chong-coi-thuong-20230827162749684.htm, Sai lầm nói 3 chữ này suốt 5 năm, tôi ngày càng bị chồng coi thường , ,
https://dantri.com.vn/tinh-yeu-gioi-tinh/nhan-tinh-tre-den-an-va-bo-chong-tiet-lo-su-that-khien-co-ta-be-mat-20230827122228822.htm," Nhân tình trẻ đến ""ăn vạ""", bố chồng tiết lộ sự thật khiến cô ta bẽ mặt , ,
https://dantri.com.vn/nhip-song-tre/nhung-nguoi-lao-dong-on-ao-thich-khoe-me-to-ve-ban-ron-20230817163945313.htm," Những ""người lao động ồn ào"" thích khoe mẽ", tỏ vẻ bận rộn , ,
https://dantri.com.vn/nhip-song-tre/nhung-nguoi-lao-dong-on-ao-thich-khoe-me-to-ve-ban-ron-20230817163945313.htm," Những ""người lao động ồn ào"" thích khoe mẽ", tỏ vẻ bận rộn , ,
https://dantri.com.vn/nhip-song-tre/co-gai-gay-sot-khi-tao-hinh-3d-tranh-dan-gian-dong-ho-len-banh-trung-thu-20230827120017898.htm," Cô gái ""gây sốt"" khi tạo hình 3D", tranh dân gian Đông Hồ lên bánh Trung thu , ,
https://dantri.com.vn/nhip-song-tre/dan-hot-girl-noi-tieng-nguoi-thi-hoa-hau-nguoi-lan-san-lam-dien-vien-20230827155816902.htm, Dàn hot girl nổi tiếng: Người thi hoa hậu, người lấn sân làm diễn viên , ,
https://dantri.com.vn/nhip-song-tre/sinh-vien-trung-quoc-gay-hai-hung-khi-bien-can-ho-cho-thue-thanh-bai-rac-20230828163011985.htm, Sinh viên Trung Quốc gây hãi hùng khi biến căn hộ cho thuê thành bãi rác , ,,
https://dantri.com.vn/khoa-hoc-cong-nghe/thanh-cong-ha-canh-len-mat-trang-an-do-chuan-bi-huong-toi-mat-troi-20230829044809814.htm, Thành công hạ cánh lên Mặt Trăng, Ấn Độ chuẩn bị hướng tới Mặt Trời , ,
https://dantri.com.vn/khoa-hoc-cong-nghe/thanh-cong-ha-canh-len-mat-trang-an-do-chuan-bi-huong-toi-mat-troi-20230829044809814.htm, Thành công hạ cánh lên Mặt Trăng, Ấn Độ chuẩn bị hướng tới Mặt Trời , ,
https://dantri.com.vn/khoa-hoc-cong-nghe/tim-ra-cong-dung-bat-ngo-cua-ba-ca-phe-20230829052348316.htm, Tìm ra công dụng bất ngờ của bã cà phê , ,,
https://dantri.com.vn/khoa-hoc-cong-nghe/don-cho-sieu-trang-lon-nhat-nam-2023-dien-ra-giua-tuan-nay-20230828114105550.htm, Đón chờ siêu trăng lớn nhất năm 2023 diễn ra giữa tuần này , ,,
https://dantri.com.vn/khoa-hoc-cong-nghe/nhat-ban-xa-nuoc-thai-hat-nhan-niem-tin-hay-noi-lo-20230828042857739.htm, Nhật Bản xả nước thải hạt nhân: Niềm tin hay nỗi lo? , ,,
https://dantri.com.vn/tam-diem/phong-sinh-va-phong-tu-20230828134021380.htm, Phóng sinh và phóng tử , ,,
https://dantri.com.vn/tam-diem/phong-sinh-va-phong-tu-20230828134021380.htm, Phóng sinh và phóng tử , ,,
https://dantri.com.vn/tam-diem/nghi-ve-dao-hieu-trong-mua-vu-lan-20230827163745887.htm, Nghĩ về đạo hiếu trong mùa Vu lan , ,,
https://dantri.com.vn/tam-diem/cuoc-dua-dai-hoc-top-tren-va-the-kho-cua-thi-sinh-nha-ngheo-20230824215603101.htm, Cuộc đua đại học tốp trên và thế khó của thí sinh nhà nghèo , ,,
https://dantri.com.vn/tam-diem/tinh-khong-10m-tam-nhin-ngan-han-voi-song-sai-gon-20230826063717126.htm," ""Tĩnh không 10m"": Tầm nhìn ngắn hạn với sông Sài Gòn? ", ,,
https://dantri.com.vn/ban-doc/nha-may-nuoc-35-ty-dong-quen-lap-duong-ong-ket-noi-den-ho-dan-20230827213052368.htm," Nhà máy nước 35 tỷ đồng ""quên"" lắp đường ống kết nối đến hộ dân? ", ,,
https://dantri.com.vn/ban-doc/nha-may-nuoc-35-ty-dong-quen-lap-duong-ong-ket-noi-den-ho-dan-20230827213052368.htm," Nhà máy nước 35 tỷ đồng ""quên"" lắp đường ống kết nối đến hộ dân? ", ,,
https://dantri.com.vn/bat-dong-san/hon-300-can-ho-nha-o-xa-hoi-chua-duoc-cap-so-du-da-duoc-su-dung-5-nam-20230827072207836.htm, Hơn 300 căn hộ nhà ở xã hội chưa được cấp sổ dù đã được sử dụng 5 năm , ,,
https://dantri.com.vn/giao-duc/sinh-vien-to-kho-vi-bi-yeu-cau-mua-3-bo-dong-phuc-mat-1-trieu-dong-20230828043802508.htm, Sinh viên tố khổ vì bị yêu cầu mua 3 bộ đồng phục mất 1 triệu đồng , ,,
https://dantri.com.vn/ban-doc/khong-co-quy-dinh-yeu-cau-tu-bo-quyen-su-dung-dat-20230827090403614.htm, Không có quy định yêu cầu từ bỏ quyền sử dụng đất , ,,
,,,,
,,,,
,,,,
,,,,
